{
  "cli": {
    "version": ">= 3.5.1"
  },
  "build": {
    "development": {
      "developmentClient": true,
      "distribution": "internal",
      "ios": {
        "resourceClass": "m1-medium"
      }
    },
    "preview": {
      "distribution": "internal",
      "android": {
        "buildType": "apk"
      },
      "ios": {
        "resourceClass": "m1-medium"
      }
    },
    "production": {
      "ios": {
        "resourceClass": "m1-medium"
      }
    }
  },
  "submit": {
    "production": {}
  }
}
